<?xml version="1.0" encoding="ISO-8859-1"?>

<!DOCTYPE proofs SYSTEM "proof3.dtd">

<?xml-stylesheet type="text/xsl" href="proof3.xsl"?>

<proofs number_of_proofs="1">

<source>repeats.out</source>

<heading><![CDATA[
Prover9 (32) version Aug-2007, Aug 2007.
Process 2754 was started by dwheeler on dwheeler2-pc.itsd.ida.org,
Mon Oct 29 11:18:05 2007
The command was "prover9 -t 60 -f repeats.in".
]]></heading>

<proof number="1" length="15" max_count="23">

<comments><![CDATA[
% Proof 1 at 0.00 (+ 0.00) seconds: always_equal.
% Length of proof is 12.
% Level of proof is 3.
% Maximum clause weight is 23.
% Given clauses 2.
]]></comments>

  <clause id="1" type="goal">
    <literal><![CDATA[
      cA = stage2
    ]]></literal>
    <attribute><![CDATA[
      label(always_equal)
    ]]></attribute>
    <attribute><![CDATA[
      label(non_clause)
    ]]></attribute>
    <attribute><![CDATA[
      label(goal)
    ]]></attribute>
    <justification jstring="[goal].">
      <j1 rule="goal"/>
    </justification>
  </clause>

  <clause id="2" type="assumption">
    <literal><![CDATA[
      compile(A,B,C,D,E) = extract(converttext(run(B,retarget(A,E),C,D),D,E))
    ]]></literal>
    <attribute><![CDATA[
      label(define_compile)
    ]]></attribute>
    <justification jstring="[assumption].">
      <j1 rule="assumption"/>
    </justification>
  </clause>

  <clause id="3" type="assumption">
    <literal><![CDATA[
      converttext(run(stage1,A,B,e2),e2,C) = converttext(run(cP,A,D,eA),eA,C)
    ]]></literal>
    <attribute><![CDATA[
      label(stage1_cP_eq_results)
    ]]></attribute>
    <attribute><![CDATA[
      label(previous_lemma)
    ]]></attribute>
    <justification jstring="[assumption].">
      <j1 rule="assumption"/>
    </justification>
  </clause>

  <clause id="4">
    <literal><![CDATA[
      converttext(run(cP,A,B,eA),eA,C) = converttext(run(stage1,A,D,e2),e2,C)
    ]]></literal>
    <justification jstring="[copy(3),flip(a)].">
      <j1 rule="copy" parents="3"/>
      <j2 rule="flip"/>
    </justification>
  </clause>

  <clause id="5" type="assumption">
    <literal><![CDATA[
      stage2 = compile(sA,stage1,e2effects,e2,eArun)
    ]]></literal>
    <attribute><![CDATA[
      label(definition_stage2)
    ]]></attribute>
    <justification jstring="[assumption].">
      <j1 rule="assumption"/>
    </justification>
  </clause>

  <clause id="6">
    <literal><![CDATA[
      stage2 = extract(converttext(run(stage1,retarget(sA,eArun),e2effects,e2),e2,eArun))
    ]]></literal>
    <justification jstring="[para(2(a,1),5(a,2))].">
      <j1 rule="para" parents="2 5"/>
    </justification>
  </clause>

  <clause id="7" type="assumption">
    <literal><![CDATA[
      cA = compile(sA,cP,eAeffects,eA,eArun)
    ]]></literal>
    <attribute><![CDATA[
      label(definition_cA)
    ]]></attribute>
    <justification jstring="[assumption].">
      <j1 rule="assumption"/>
    </justification>
  </clause>

  <clause id="8">
    <literal><![CDATA[
      cA = extract(converttext(run(cP,retarget(sA,eArun),eAeffects,eA),eA,eArun))
    ]]></literal>
    <justification jstring="[para(2(a,1),7(a,2))].">
      <j1 rule="para" parents="2 7"/>
    </justification>
  </clause>

  <clause id="9" type="deny">
    <literal><![CDATA[
      cA != stage2
    ]]></literal>
    <attribute><![CDATA[
      label(always_equal)
    ]]></attribute>
    <attribute><![CDATA[
      answer(always_equal)
    ]]></attribute>
    <justification jstring="[deny(1)].">
      <j1 rule="deny" parents="1"/>
    </justification>
  </clause>

  <clause id="10">
    <literal><![CDATA[
      extract(converttext(run(cP,retarget(sA,eArun),eAeffects,eA),eA,eArun)) != stage2
    ]]></literal>
    <justification jstring="[para(8(a,1),9(a,1))].">
      <j1 rule="para" parents="8 9"/>
    </justification>
  </clause>

  <clause id="11">
    <literal><![CDATA[
      extract(converttext(run(cP,retarget(sA,eArun),eAeffects,eA),eA,eArun)) != extract(converttext(run(stage1,retarget(sA,eArun),e2effects,e2),e2,eArun))
    ]]></literal>
    <justification jstring="[para(6(a,1),10(a,2))].">
      <j1 rule="para" parents="6 10"/>
    </justification>
  </clause>

  <clause id="12">
    <literal><![CDATA[
      extract(converttext(run(stage1,retarget(sA,eArun),e2effects,e2),e2,eArun)) != extract(converttext(run(cP,retarget(sA,eArun),eAeffects,eA),eA,eArun))
    ]]></literal>
    <justification jstring="[copy(11),flip(a)].">
      <j1 rule="copy" parents="11"/>
      <j2 rule="flip"/>
    </justification>
  </clause>

  <clause id="13">
    <literal><![CDATA[
      compile(A,cP,B,eA,C) = extract(converttext(run(stage1,retarget(A,C),D,e2),e2,C))
    ]]></literal>
    <justification jstring="[para(4(a,1),2(a,2,1))].">
      <j1 rule="para" parents="4 2"/>
    </justification>
  </clause>

  <clause id="14">
    <literal><![CDATA[
      extract(converttext(run(cP,retarget(A,B),C,eA),eA,B)) = extract(converttext(run(stage1,retarget(A,B),D,e2),e2,B))
    ]]></literal>
    <justification jstring="[para(2(a,1),13(a,1))].">
      <j1 rule="para" parents="2 13"/>
    </justification>
  </clause>

  <clause id="15">
    <literal><![CDATA[
      $F
    ]]></literal>
    <attribute><![CDATA[
      answer(always_equal)
    ]]></attribute>
    <justification jstring="[resolve(14,a,12,a(flip))].">
      <j1 rule="resolve" parents="14 12"/>
    </justification>
  </clause>

</proof>

</proofs>
